fecha,anio,mes_txt,mes_num,dia,mayorista,minorista,pdf_file
2025-09-03,2025,sep,9,3,5.7,7.15,16_setiembre_2025.pdf
2025-09-04,2025,sep,9,4,5.7,7.15,16_setiembre_2025.pdf
2025-09-04,2025,sep,9,4,5.7,7.15,17_setiembre_2025.pdf
2025-09-05,2025,sep,9,5,5.65,7.12,18_setiembre_2025.pdf
2025-09-05,2025,sep,9,5,5.65,7.12,17_setiembre_2025.pdf
2025-09-05,2025,sep,9,5,5.65,7.12,16_setiembre_2025.pdf
2025-09-06,2025,sep,9,6,5.65,7.12,17_setiembre_2025.pdf
2025-09-06,2025,sep,9,6,5.65,7.12,18_setiembre_2025.pdf
2025-09-06,2025,sep,9,6,5.65,7.12,16_setiembre_2025.pdf
2025-09-06,2025,sep,9,6,5.65,7.12,19_setiembre_2025.pdf
2025-09-07,2025,sep,9,7,5.65,7.12,18_setiembre_2025.pdf
2025-09-07,2025,sep,9,7,5.65,7.12,17_setiembre_2025.pdf
2025-09-07,2025,sep,9,7,5.65,7.12,16_setiembre_2025.pdf
2025-09-07,2025,sep,9,7,5.65,7.12,19_setiembre_2025.pdf
2025-09-08,2025,sep,9,8,5.45,6.92,19_setiembre_2025.pdf
2025-09-08,2025,sep,9,8,5.45,6.92,18_setiembre_2025.pdf
2025-09-08,2025,sep,9,8,5.45,6.92,17_setiembre_2025.pdf
2025-09-08,2025,sep,9,8,5.45,6.92,16_setiembre_2025.pdf
2025-09-09,2025,sep,9,9,5.3,6.92,19_setiembre_2025.pdf
2025-09-09,2025,sep,9,9,5.3,6.92,16_setiembre_2025.pdf
2025-09-09,2025,sep,9,9,5.3,6.92,17_setiembre_2025.pdf
2025-09-09,2025,sep,9,9,5.3,6.92,18_setiembre_2025.pdf
2025-09-10,2025,sep,9,10,5.25,6.73,16_setiembre_2025.pdf
2025-09-10,2025,sep,9,10,5.25,6.73,23_setiembre_2025.pdf
2025-09-10,2025,sep,9,10,5.25,6.73,18_setiembre_2025.pdf
2025-09-10,2025,sep,9,10,5.25,6.73,19_setiembre_2025.pdf
2025-09-10,2025,sep,9,10,5.25,6.73,17_setiembre_2025.pdf
2025-09-11,2025,sep,9,11,5.25,6.73,16_setiembre_2025.pdf
2025-09-11,2025,sep,9,11,5.25,6.73,24_setiembre_2025.pdf
2025-09-11,2025,sep,9,11,5.25,6.73,23_setiembre_2025.pdf
2025-09-11,2025,sep,9,11,5.25,6.73,19_setiembre_2025.pdf
2025-09-11,2025,sep,9,11,5.25,6.73,18_setiembre_2025.pdf
2025-09-11,2025,sep,9,11,5.25,6.73,17_setiembre_2025.pdf
2025-09-12,2025,sep,9,12,5.25,6.78,25_setiembre_2025.pdf
2025-09-12,2025,sep,9,12,5.25,6.78,24_setiembre_2025.pdf
2025-09-12,2025,sep,9,12,5.25,6.78,16_setiembre_2025.pdf
2025-09-12,2025,sep,9,12,5.25,6.78,19_setiembre_2025.pdf
2025-09-12,2025,sep,9,12,5.25,6.78,18_setiembre_2025.pdf
2025-09-12,2025,sep,9,12,5.25,6.78,23_setiembre_2025.pdf
2025-09-12,2025,sep,9,12,5.25,6.78,17_setiembre_2025.pdf
2025-09-13,2025,sep,9,13,5.23,6.78,23_setiembre_2025.pdf
2025-09-13,2025,sep,9,13,5.23,6.78,26_setiembre_2025.pdf
2025-09-13,2025,sep,9,13,5.23,6.78,25_setiembre_2025.pdf
2025-09-13,2025,sep,9,13,5.23,6.78,17_setiembre_2025.pdf
2025-09-13,2025,sep,9,13,5.23,6.78,24_setiembre_2025.pdf
2025-09-13,2025,sep,9,13,5.23,6.78,19_setiembre_2025.pdf
2025-09-13,2025,sep,9,13,5.23,6.78,16_setiembre_2025.pdf
2025-09-13,2025,sep,9,13,5.23,6.78,18_setiembre_2025.pdf
2025-09-14,2025,sep,9,14,5.23,6.78,17_setiembre_2025.pdf
2025-09-14,2025,sep,9,14,5.23,6.78,25_setiembre_2025.pdf
2025-09-14,2025,sep,9,14,5.23,6.78,16_setiembre_2025.pdf
2025-09-14,2025,sep,9,14,5.23,6.78,18_setiembre_2025.pdf
2025-09-14,2025,sep,9,14,5.23,6.78,24_setiembre_2025.pdf
2025-09-14,2025,sep,9,14,5.23,6.78,23_setiembre_2025.pdf
2025-09-14,2025,sep,9,14,5.23,6.78,26_setiembre_2025.pdf
2025-09-14,2025,sep,9,14,5.23,6.78,19_setiembre_2025.pdf
2025-09-15,2025,sep,9,15,5.28,6.52,26_setiembre_2025.pdf
2025-09-15,2025,sep,9,15,5.28,6.52,25_setiembre_2025.pdf
2025-09-15,2025,sep,9,15,5.28,6.52,23_setiembre_2025.pdf
2025-09-15,2025,sep,9,15,5.28,6.52,24_setiembre_2025.pdf
2025-09-15,2025,sep,9,15,5.28,6.52,19_setiembre_2025.pdf
2025-09-15,2025,sep,9,15,5.28,6.52,18_setiembre_2025.pdf
2025-09-15,2025,sep,9,15,5.28,6.52,16_setiembre_2025.pdf
2025-09-15,2025,sep,9,15,5.28,6.52,17_setiembre_2025.pdf
2025-09-16,2025,sep,9,16,5.28,6.52,19_setiembre_2025.pdf
2025-09-16,2025,sep,9,16,5.28,6.52,18_setiembre_2025.pdf
2025-09-16,2025,sep,9,16,5.28,6.52,25_setiembre_2025.pdf
2025-09-16,2025,sep,9,16,5.28,6.52,29_setiembre_2025.pdf
2025-09-16,2025,sep,9,16,5.28,6.52,17_setiembre_2025.pdf
2025-09-16,2025,sep,9,16,5.28,6.52,26_setiembre_2025.pdf
2025-09-16,2025,sep,9,16,5.28,6.52,23_setiembre_2025.pdf
2025-09-16,2025,sep,9,16,5.28,6.52,24_setiembre_2025.pdf
2025-09-17,2025,sep,9,17,5.28,6.53,23_setiembre_2025.pdf
2025-09-17,2025,sep,9,17,5.28,6.53,18_setiembre_2025.pdf
2025-09-17,2025,sep,9,17,5.28,6.53,19_setiembre_2025.pdf
2025-09-17,2025,sep,9,17,5.28,6.53,25_setiembre_2025.pdf
2025-09-17,2025,sep,9,17,5.28,6.53,26_setiembre_2025.pdf
2025-09-17,2025,sep,9,17,5.28,6.53,24_setiembre_2025.pdf
2025-09-17,2025,sep,9,17,5.28,6.53,30_setiembre_2024.pdf
2025-09-17,2025,sep,9,17,5.28,6.53,29_setiembre_2025.pdf
2025-09-18,2025,sep,9,18,5.3,6.53,26_setiembre_2025.pdf
2025-09-18,2025,sep,9,18,5.3,6.53,24_setiembre_2025.pdf
2025-09-18,2025,sep,9,18,5.3,6.53,29_setiembre_2025.pdf
2025-09-18,2025,sep,9,18,5.3,6.53,25_setiembre_2025.pdf
2025-09-18,2025,sep,9,18,5.3,6.53,30_setiembre_2024.pdf
2025-09-18,2025,sep,9,18,5.3,6.53,23_setiembre_2025.pdf
2025-09-18,2025,sep,9,18,5.3,6.53,19_setiembre_2025.pdf
2025-09-19,2025,sep,9,19,5.38,6.56,24_setiembre_2025.pdf
2025-09-19,2025,sep,9,19,5.38,6.56,26_setiembre_2025.pdf
2025-09-19,2025,sep,9,19,5.38,6.56,23_setiembre_2025.pdf
2025-09-19,2025,sep,9,19,5.38,6.56,25_setiembre_2025.pdf
2025-09-19,2025,sep,9,19,5.38,6.56,30_setiembre_2024.pdf
2025-09-19,2025,sep,9,19,5.38,6.56,29_setiembre_2025.pdf
2025-09-20,2025,sep,9,20,5.38,6.56,26_setiembre_2025.pdf
2025-09-20,2025,sep,9,20,5.38,6.56,30_setiembre_2024.pdf
2025-09-20,2025,sep,9,20,5.38,6.56,29_setiembre_2025.pdf
2025-09-20,2025,sep,9,20,5.38,6.56,23_setiembre_2025.pdf
2025-09-20,2025,sep,9,20,5.38,6.56,25_setiembre_2025.pdf
2025-09-20,2025,sep,9,20,5.38,6.56,24_setiembre_2025.pdf
2025-09-21,2025,sep,9,21,5.38,6.56,30_setiembre_2024.pdf
2025-09-21,2025,sep,9,21,5.38,6.56,26_setiembre_2025.pdf
2025-09-21,2025,sep,9,21,5.38,6.56,29_setiembre_2025.pdf
2025-09-21,2025,sep,9,21,5.38,6.56,23_setiembre_2025.pdf
2025-09-21,2025,sep,9,21,5.38,6.56,24_setiembre_2025.pdf
2025-09-21,2025,sep,9,21,5.38,6.56,25_setiembre_2025.pdf
2025-09-22,2025,sep,9,22,5.38,6.51,29_setiembre_2025.pdf
2025-09-22,2025,sep,9,22,5.38,6.51,24_setiembre_2025.pdf
2025-09-22,2025,sep,9,22,5.38,6.51,30_setiembre_2024.pdf
2025-09-22,2025,sep,9,22,5.38,6.51,23_setiembre_2025.pdf
2025-09-22,2025,sep,9,22,5.38,6.51,26_setiembre_2025.pdf
2025-09-22,2025,sep,9,22,5.38,6.51,25_setiembre_2025.pdf
2025-09-23,2025,sep,9,23,5.3,6.51,24_setiembre_2025.pdf
2025-09-23,2025,sep,9,23,5.3,6.51,30_setiembre_2024.pdf
2025-09-23,2025,sep,9,23,5.3,6.51,26_setiembre_2025.pdf
2025-09-23,2025,sep,9,23,5.3,6.51,25_setiembre_2025.pdf
2025-09-23,2025,sep,9,23,5.3,6.51,29_setiembre_2025.pdf
2025-09-24,2025,sep,9,24,5.18,6.5,30_setiembre_2024.pdf
2025-09-24,2025,sep,9,24,5.18,6.5,25_setiembre_2025.pdf
2025-09-24,2025,sep,9,24,5.18,6.5,26_setiembre_2025.pdf
2025-09-24,2025,sep,9,24,5.18,6.5,29_setiembre_2025.pdf
2025-09-25,2025,sep,9,25,5.18,6.5,30_setiembre_2024.pdf
2025-09-25,2025,sep,9,25,5.18,6.5,29_setiembre_2025.pdf
2025-09-25,2025,sep,9,25,5.18,6.5,26_setiembre_2025.pdf
2025-09-26,2025,sep,9,26,5.18,6.4,30_setiembre_2024.pdf
2025-09-26,2025,sep,9,26,5.18,6.4,29_setiembre_2025.pdf
2025-09-27,2025,sep,9,27,5.18,6.4,30_setiembre_2024.pdf
2025-09-27,2025,sep,9,27,5.18,6.4,29_setiembre_2025.pdf
2025-09-28,2025,sep,9,28,5.18,6.4,29_setiembre_2025.pdf
2025-09-28,2025,sep,9,28,5.18,6.4,30_setiembre_2024.pdf
2025-09-29,2025,sep,9,29,5.13,6.44,30_setiembre_2024.pdf
2025-10-07,2025,oct,10,7,4.8,6.27,20_octubre_2025.pdf
2025-10-08,2025,oct,10,8,4.8,6.27,21_octubre_2025.pdf
2025-10-08,2025,oct,10,8,4.8,6.27,20_octubre_2025.pdf
2025-10-09,2025,oct,10,9,4.75,6.27,21_octubre_2025.pdf
2025-10-09,2025,oct,10,9,4.75,6.27,20_octubre_2025.pdf
2025-10-09,2025,oct,10,9,4.75,6.27,22_octubre_2025.pdf
2025-10-10,2025,oct,10,10,4.65,6.13,23_octubre_2025.pdf
2025-10-10,2025,oct,10,10,4.65,6.13,20_octubre_2025.pdf
2025-10-10,2025,oct,10,10,4.65,6.13,22_octubre_2025.pdf
2025-10-10,2025,oct,10,10,4.65,6.13,21_octubre_2025.pdf
2025-10-11,2025,oct,10,11,4.63,6.13,22_octubre_2025.pdf
2025-10-11,2025,oct,10,11,4.63,6.13,24_octubre_2025.pdf
2025-10-11,2025,oct,10,11,4.63,6.13,21_octubre_2025.pdf
2025-10-11,2025,oct,10,11,4.63,6.13,20_octubre_2025.pdf
2025-10-11,2025,oct,10,11,4.63,6.13,23_octubre_2025.pdf
2025-10-12,2025,oct,10,12,4.63,6.13,21_octubre_2025.pdf
2025-10-12,2025,oct,10,12,4.63,6.13,23_octubre_2025.pdf
2025-10-12,2025,oct,10,12,4.63,6.13,22_octubre_2025.pdf
2025-10-12,2025,oct,10,12,4.63,6.13,24_octubre_2025.pdf
2025-10-12,2025,oct,10,12,4.63,6.13,20_octubre_2025.pdf
2025-10-13,2025,oct,10,13,4.63,6.04,20_octubre_2025.pdf
2025-10-13,2025,oct,10,13,4.63,6.04,23_octubre_2025.pdf
2025-10-13,2025,oct,10,13,4.63,6.04,22_octubre_2025.pdf
2025-10-13,2025,oct,10,13,4.63,6.04,24_octubre_2025.pdf
2025-10-13,2025,oct,10,13,4.63,6.04,21_octubre_2025.pdf
2025-10-14,2025,oct,10,14,4.63,6.04,21_octubre_2025.pdf
2025-10-14,2025,oct,10,14,4.63,6.04,22_octubre_2025.pdf
2025-10-14,2025,oct,10,14,4.63,6.04,23_octubre_2025.pdf
2025-10-14,2025,oct,10,14,4.63,6.04,20_octubre_2025.pdf
2025-10-14,2025,oct,10,14,4.63,6.04,27_octubre_2025.pdf
2025-10-14,2025,oct,10,14,4.63,6.04,24_octubre_2025.pdf
2025-10-15,2025,oct,10,15,4.6,5.82,24_octubre_2025.pdf
2025-10-15,2025,oct,10,15,4.6,5.82,21_octubre_2025.pdf
2025-10-15,2025,oct,10,15,4.6,5.82,23_octubre_2025.pdf
2025-10-15,2025,oct,10,15,4.6,5.82,20_octubre_2025.pdf
2025-10-15,2025,oct,10,15,4.6,5.82,28_octubre_2025.pdf
2025-10-15,2025,oct,10,15,4.6,5.82,27_octubre_2025.pdf
2025-10-15,2025,oct,10,15,4.6,5.82,22_octubre_2025.pdf
2025-10-16,2025,oct,10,16,4.6,5.82,27_octubre_2025.pdf
2025-10-16,2025,oct,10,16,4.6,5.82,28_octubre_2025.pdf
2025-10-16,2025,oct,10,16,4.6,5.82,29_octubre_2025.pdf
2025-10-16,2025,oct,10,16,4.6,5.82,20_octubre_2025.pdf
2025-10-16,2025,oct,10,16,4.6,5.82,21_octubre_2025.pdf
2025-10-16,2025,oct,10,16,4.6,5.82,23_octubre_2025.pdf
2025-10-16,2025,oct,10,16,4.6,5.82,22_octubre_2025.pdf
2025-10-16,2025,oct,10,16,4.6,5.82,24_octubre_2025.pdf
2025-10-17,2025,oct,10,17,4.58,5.93,30_octubre_2025.pdf
2025-10-17,2025,oct,10,17,4.58,5.93,24_octubre_2025.pdf
2025-10-17,2025,oct,10,17,4.58,5.93,23_octubre_2025.pdf
2025-10-17,2025,oct,10,17,4.58,5.93,20_octubre_2025.pdf
2025-10-17,2025,oct,10,17,4.58,5.93,28_octubre_2025.pdf
2025-10-17,2025,oct,10,17,4.58,5.93,22_octubre_2025.pdf
2025-10-17,2025,oct,10,17,4.58,5.93,27_octubre_2025.pdf
2025-10-17,2025,oct,10,17,4.58,5.93,29_octubre_2025.pdf
2025-10-17,2025,oct,10,17,4.58,5.93,21_octubre_2025.pdf
2025-10-18,2025,oct,10,18,4.58,5.93,20_octubre_2025.pdf
2025-10-18,2025,oct,10,18,4.58,5.93,23_octubre_2025.pdf
2025-10-18,2025,oct,10,18,4.58,5.93,30_octubre_2025.pdf
2025-10-18,2025,oct,10,18,4.58,5.93,21_octubre_2025.pdf
2025-10-18,2025,oct,10,18,4.58,5.93,29_octubre_2025.pdf
2025-10-18,2025,oct,10,18,4.58,5.93,22_octubre_2025.pdf
2025-10-18,2025,oct,10,18,4.58,5.93,31_octubre_2025.pdf
2025-10-18,2025,oct,10,18,4.58,5.93,24_octubre_2025.pdf
2025-10-18,2025,oct,10,18,4.58,5.93,28_octubre_2025.pdf
2025-10-18,2025,oct,10,18,4.58,5.93,27_octubre_2025.pdf
2025-10-18,2025,oct,10,18,4.58,5.93,25_octubre_2025.pdf
2025-10-19,2025,oct,10,19,4.58,5.93,30_octubre_2025.pdf
2025-10-19,2025,oct,10,19,4.58,5.93,22_octubre_2025.pdf
2025-10-19,2025,oct,10,19,4.58,5.93,25_octubre_2025.pdf
2025-10-19,2025,oct,10,19,4.58,5.93,24_octubre_2025.pdf
2025-10-19,2025,oct,10,19,4.58,5.93,20_octubre_2025.pdf
2025-10-19,2025,oct,10,19,4.58,5.93,28_octubre_2025.pdf
2025-10-19,2025,oct,10,19,4.58,5.93,29_octubre_2025.pdf
2025-10-19,2025,oct,10,19,4.58,5.93,23_octubre_2025.pdf
2025-10-19,2025,oct,10,19,4.58,5.93,21_octubre_2025.pdf
2025-10-19,2025,oct,10,19,4.58,5.93,27_octubre_2025.pdf
2025-10-19,2025,oct,10,19,4.58,5.93,31_octubre_2025.pdf
2025-10-20,2025,oct,10,20,4.58,5.89,27_octubre_2025.pdf
2025-10-20,2025,oct,10,20,4.58,5.89,29_octubre_2025.pdf
2025-10-20,2025,oct,10,20,4.58,5.89,28_octubre_2025.pdf
2025-10-20,2025,oct,10,20,4.58,5.89,23_octubre_2025.pdf
2025-10-20,2025,oct,10,20,4.58,5.74,21_octubre_2025.pdf
2025-10-20,2025,oct,10,20,4.58,5.89,24_octubre_2025.pdf
2025-10-20,2025,oct,10,20,4.58,5.89,25_octubre_2025.pdf
2025-10-20,2025,oct,10,20,4.58,5.74,22_octubre_2025.pdf
2025-10-20,2025,oct,10,20,4.58,5.89,31_octubre_2025.pdf
2025-10-20,2025,oct,10,20,4.58,5.89,30_octubre_2025.pdf
2025-10-21,2025,oct,10,21,4.68,5.89,29_octubre_2025.pdf
2025-10-21,2025,oct,10,21,4.68,5.89,23_octubre_2025.pdf
2025-10-21,2025,oct,10,21,4.68,5.89,27_octubre_2025.pdf
2025-10-21,2025,oct,10,21,4.68,5.89,25_octubre_2025.pdf
2025-10-21,2025,oct,10,21,4.68,5.89,24_octubre_2025.pdf
2025-10-21,2025,oct,10,21,4.68,5.89,31_octubre_2025.pdf
2025-10-21,2025,oct,10,21,4.68,5.89,28_octubre_2025.pdf
2025-10-21,2025,oct,10,21,4.68,5.89,30_octubre_2025.pdf
2025-10-21,2025,oct,10,21,4.68,5.74,22_octubre_2025.pdf
2025-10-22,2025,oct,10,22,4.65,5.89,25_octubre_2025.pdf
2025-10-22,2025,oct,10,22,4.65,5.89,29_octubre_2025.pdf
2025-10-22,2025,oct,10,22,4.65,5.89,28_octubre_2025.pdf
2025-10-22,2025,oct,10,22,4.65,5.89,27_octubre_2025.pdf
2025-10-22,2025,oct,10,22,4.65,5.89,24_octubre_2025.pdf
2025-10-22,2025,oct,10,22,4.65,5.89,30_octubre_2025.pdf
2025-10-22,2025,oct,10,22,4.65,5.89,23_octubre_2025.pdf
2025-10-22,2025,oct,10,22,4.65,5.89,31_octubre_2025.pdf
2025-10-23,2025,oct,10,23,4.73,5.89,27_octubre_2025.pdf
2025-10-23,2025,oct,10,23,4.73,5.89,28_octubre_2025.pdf
2025-10-23,2025,oct,10,23,4.73,5.89,31_octubre_2025.pdf
2025-10-23,2025,oct,10,23,4.73,5.89,24_octubre_2025.pdf
2025-10-23,2025,oct,10,23,4.73,5.89,29_octubre_2025.pdf
2025-10-23,2025,oct,10,23,4.73,5.89,25_octubre_2025.pdf
2025-10-23,2025,oct,10,23,4.73,5.89,30_octubre_2025.pdf
2025-10-24,2025,oct,10,24,4.73,5.87,29_octubre_2025.pdf
2025-10-24,2025,oct,10,24,4.73,5.87,27_octubre_2025.pdf
2025-10-24,2025,oct,10,24,4.73,5.87,30_octubre_2025.pdf
2025-10-24,2025,oct,10,24,4.73,5.87,31_octubre_2025.pdf
2025-10-24,2025,oct,10,24,4.73,5.87,25_octubre_2025.pdf
2025-10-24,2025,oct,10,24,4.73,5.87,28_octubre_2025.pdf
2025-10-25,2025,oct,10,25,4.73,5.87,31_octubre_2025.pdf
2025-10-25,2025,oct,10,25,4.73,5.87,28_octubre_2025.pdf
2025-10-25,2025,oct,10,25,4.73,5.87,27_octubre_2025.pdf
2025-10-25,2025,oct,10,25,4.73,5.87,30_octubre_2025.pdf
2025-10-25,2025,oct,10,25,4.73,5.87,25_octubre_2025.pdf
2025-10-25,2025,oct,10,25,4.73,5.87,29_octubre_2025.pdf
2025-10-26,2025,oct,10,26,4.73,5.87,31_octubre_2025.pdf
2025-10-26,2025,oct,10,26,4.73,5.87,28_octubre_2025.pdf
2025-10-26,2025,oct,10,26,4.73,5.87,25_octubre_2025.pdf
2025-10-26,2025,oct,10,26,4.73,5.87,27_octubre_2025.pdf
2025-10-26,2025,oct,10,26,4.73,5.87,29_octubre_2025.pdf
2025-10-26,2025,oct,10,26,4.73,5.87,30_octubre_2025.pdf
2025-10-27,2025,oct,10,27,4.73,6.06,29_octubre_2025.pdf
2025-10-27,2025,oct,10,27,4.73,6.06,25_octubre_2025.pdf
2025-10-27,2025,oct,10,27,4.73,6.06,31_octubre_2025.pdf
2025-10-27,2025,oct,10,27,4.73,6.06,30_octubre_2025.pdf
2025-10-27,2025,oct,10,27,4.73,6.06,28_octubre_2025.pdf
2025-10-28,2025,oct,10,28,4.73,6.06,29_octubre_2025.pdf
2025-10-28,2025,oct,10,28,4.73,6.06,31_octubre_2025.pdf
2025-10-28,2025,oct,10,28,4.73,6.06,30_octubre_2025.pdf
2025-10-28,2025,oct,10,28,4.73,6.06,25_octubre_2025.pdf
2025-10-29,2025,oct,10,29,4.8,6.02,30_octubre_2025.pdf
2025-10-29,2025,oct,10,29,4.8,6.02,31_octubre_2025.pdf
2025-10-29,2025,oct,10,29,4.8,6.02,25_octubre_2025.pdf
2025-10-30,2025,oct,10,30,4.8,6.02,31_octubre_2025.pdf
2025-10-30,2025,oct,10,30,4.8,6.02,25_octubre_2025.pdf
2025-11-04,2025,nov,11,4,4.85,6.26,17_noviembre_2025.pdf
2025-11-05,2025,nov,11,5,4.83,6.34,17_noviembre_2025.pdf
2025-11-05,2025,nov,11,5,4.83,6.34,18_noviembre_2025.pdf
2025-11-06,2025,nov,11,6,4.78,6.34,17_noviembre_2025.pdf
2025-11-06,2025,nov,11,6,4.78,6.34,19_noviembre_2025.pdf
2025-11-06,2025,nov,11,6,4.78,6.34,18_noviembre_2025.pdf
2025-11-07,2025,nov,11,7,4.73,6.37,18_noviembre_2025.pdf
2025-11-07,2025,nov,11,7,4.73,6.37,19_noviembre_2025.pdf
2025-11-07,2025,nov,11,7,4.73,6.37,20_noviembre_2025.pdf
2025-11-07,2025,nov,11,7,4.73,6.37,17_noviembre_2025.pdf
2025-11-08,2025,nov,11,8,4.73,6.37,21_noviembre_2025.pdf
2025-11-08,2025,nov,11,8,4.73,6.37,17_noviembre_2025.pdf
2025-11-08,2025,nov,11,8,4.73,6.37,20_noviembre_2025.pdf
2025-11-08,2025,nov,11,8,4.73,6.37,19_noviembre_2025.pdf
2025-11-08,2025,nov,11,8,4.73,6.37,18_noviembre_2025.pdf
2025-11-09,2025,nov,11,9,4.73,6.37,21_noviembre_2025.pdf
2025-11-09,2025,nov,11,9,4.73,6.37,18_noviembre_2025.pdf
2025-11-09,2025,nov,11,9,4.73,6.37,19_noviembre_2025.pdf
2025-11-09,2025,nov,11,9,4.73,6.37,17_noviembre_2025.pdf
2025-11-09,2025,nov,11,9,4.73,6.37,20_noviembre_2025.pdf
2025-11-10,2025,nov,11,10,4.73,6.25,18_noviembre_2025.pdf
2025-11-10,2025,nov,11,10,4.73,6.25,19_noviembre_2025.pdf
2025-11-10,2025,nov,11,10,4.73,6.25,17_noviembre_2025.pdf
2025-11-10,2025,nov,11,10,4.73,6.25,20_noviembre_2025.pdf
2025-11-10,2025,nov,11,10,4.73,6.25,21_noviembre_2025.pdf
2025-11-11,2025,nov,11,11,4.7,6.25,20_noviembre_2025.pdf
2025-11-11,2025,nov,11,11,4.7,6.25,19_noviembre_2025.pdf
2025-11-11,2025,nov,11,11,4.7,6.25,21_noviembre_2025.pdf
2025-11-11,2025,nov,11,11,4.7,6.25,24_noviembre_2025.pdf
2025-11-11,2025,nov,11,11,4.7,6.25,17_noviembre_2025.pdf
2025-11-11,2025,nov,11,11,4.7,6.25,18_noviembre_2025.pdf
2025-11-12,2025,nov,11,12,4.63,6.23,17_noviembre_2025.pdf
2025-11-12,2025,nov,11,12,4.63,6.29,25_noviembre_2025.pdf
2025-11-12,2025,nov,11,12,4.63,6.23,21_noviembre_2025.pdf
2025-11-12,2025,nov,11,12,4.63,6.23,24_noviembre_2025.pdf
2025-11-12,2025,nov,11,12,4.63,6.23,18_noviembre_2025.pdf
2025-11-12,2025,nov,11,12,4.63,6.23,20_noviembre_2025.pdf
2025-11-12,2025,nov,11,12,4.63,6.23,19_noviembre_2025.pdf
2025-11-13,2025,nov,11,13,4.58,6.29,25_noviembre_2025.pdf
2025-11-13,2025,nov,11,13,4.58,6.23,19_noviembre_2025.pdf
2025-11-13,2025,nov,11,13,4.58,6.23,20_noviembre_2025.pdf
2025-11-13,2025,nov,11,13,4.58,6.23,24_noviembre_2025.pdf
2025-11-13,2025,nov,11,13,4.58,6.23,21_noviembre_2025.pdf
2025-11-13,2025,nov,11,13,4.58,6.23,18_noviembre_2025.pdf
2025-11-13,2025,nov,11,13,4.58,6.23,17_noviembre_2025.pdf
2025-11-13,2025,nov,11,13,4.58,6.29,26_noviembre_2025.pdf
2025-11-14,2025,nov,11,14,4.55,6.15,18_noviembre_2025.pdf
2025-11-14,2025,nov,11,14,4.55,6.15,19_noviembre_2025.pdf
2025-11-14,2025,nov,11,14,4.55,6.15,26_noviembre_2025.pdf
2025-11-14,2025,nov,11,14,4.55,6.15,20_noviembre_2025.pdf
2025-11-14,2025,nov,11,14,4.55,6.15,21_noviembre_2025.pdf
2025-11-14,2025,nov,11,14,4.55,6.15,27_noviembre_2025.pdf
2025-11-14,2025,nov,11,14,4.55,6.15,24_noviembre_2025.pdf
2025-11-14,2025,nov,11,14,4.55,6.15,25_noviembre_2025.pdf
2025-11-14,2025,nov,11,14,4.55,6.15,17_noviembre_2025.pdf
2025-11-15,2025,nov,11,15,4.53,6.15,18_noviembre_2025.pdf
2025-11-15,2025,nov,11,15,4.53,6.15,27_noviembre_2025.pdf
2025-11-15,2025,nov,11,15,4.53,6.15,21_noviembre_2025.pdf
2025-11-15,2025,nov,11,15,4.53,6.15,26_noviembre_2025.pdf
2025-11-15,2025,nov,11,15,4.53,6.15,25_noviembre_2025.pdf
2025-11-15,2025,nov,11,15,4.53,6.15,17_noviembre_2025.pdf
2025-11-15,2025,nov,11,15,4.53,6.15,24_noviembre_2025.pdf
2025-11-15,2025,nov,11,15,4.53,6.15,28_noviembre_2025.pdf
2025-11-15,2025,nov,11,15,4.53,6.15,20_noviembre_2025.pdf
2025-11-15,2025,nov,11,15,4.53,6.15,19_noviembre_2025.pdf
2025-11-16,2025,nov,11,16,4.53,6.15,26_noviembre_2025.pdf
2025-11-16,2025,nov,11,16,4.53,6.15,19_noviembre_2025.pdf
2025-11-16,2025,nov,11,16,4.53,6.15,25_noviembre_2025.pdf
2025-11-16,2025,nov,11,16,4.53,6.15,28_noviembre_2025.pdf
2025-11-16,2025,nov,11,16,4.53,6.15,18_noviembre_2025.pdf
2025-11-16,2025,nov,11,16,4.53,6.15,21_noviembre_2025.pdf
2025-11-16,2025,nov,11,16,4.53,6.15,17_noviembre_2025.pdf
2025-11-16,2025,nov,11,16,4.53,6.15,24_noviembre_2025.pdf
2025-11-16,2025,nov,11,16,4.53,6.15,20_noviembre_2025.pdf
2025-11-16,2025,nov,11,16,4.53,6.15,27_noviembre_2025.pdf
2025-11-17,2025,nov,11,17,4.48,6.09,19_noviembre_2025.pdf
2025-11-17,2025,nov,11,17,4.48,6.09,18_noviembre_2025.pdf
2025-11-17,2025,nov,11,17,4.48,6.09,21_noviembre_2025.pdf
2025-11-17,2025,nov,11,17,4.48,6.09,20_noviembre_2025.pdf
2025-11-17,2025,nov,11,17,4.48,6.08,24_noviembre_2025.pdf
2025-11-17,2025,nov,11,17,4.48,6.08,26_noviembre_2025.pdf
2025-11-17,2025,nov,11,17,4.48,6.08,28_noviembre_2025.pdf
2025-11-17,2025,nov,11,17,4.48,6.08,27_noviembre_2025.pdf
2025-11-17,2025,nov,11,17,4.48,6.08,25_noviembre_2025.pdf
2025-11-18,2025,nov,11,18,4.48,6.08,27_noviembre_2025.pdf
2025-11-18,2025,nov,11,18,4.48,6.08,25_noviembre_2025.pdf
2025-11-18,2025,nov,11,18,4.82,6.09,20_noviembre_2025.pdf
2025-11-18,2025,nov,11,18,4.48,6.08,24_noviembre_2025.pdf
2025-11-18,2025,nov,11,18,4.48,6.09,19_noviembre_2025.pdf
2025-11-18,2025,nov,11,18,4.82,6.09,21_noviembre_2025.pdf
2025-11-18,2025,nov,11,18,4.48,6.08,26_noviembre_2025.pdf
2025-11-18,2025,nov,11,18,4.48,6.08,28_noviembre_2025.pdf
2025-11-19,2025,nov,11,19,4.48,6.11,24_noviembre_2025.pdf
2025-11-19,2025,nov,11,19,4.82,6.28,21_noviembre_2025.pdf
2025-11-19,2025,nov,11,19,4.82,6.28,20_noviembre_2025.pdf
2025-11-19,2025,nov,11,19,4.48,6.11,25_noviembre_2025.pdf
2025-11-19,2025,nov,11,19,4.48,6.11,26_noviembre_2025.pdf
2025-11-19,2025,nov,11,19,4.48,6.11,27_noviembre_2025.pdf
2025-11-19,2025,nov,11,19,4.48,6.11,28_noviembre_2025.pdf
2025-11-20,2025,nov,11,20,4.63,6.11,28_noviembre_2025.pdf
2025-11-20,2025,nov,11,20,4.63,6.11,27_noviembre_2025.pdf
2025-11-20,2025,nov,11,20,4.63,6.11,24_noviembre_2025.pdf
2025-11-20,2025,nov,11,20,4.63,6.11,26_noviembre_2025.pdf
2025-11-20,2025,nov,11,20,4.63,6.28,21_noviembre_2025.pdf
2025-11-20,2025,nov,11,20,4.63,6.11,25_noviembre_2025.pdf
2025-11-21,2025,nov,11,21,4.48,6.07,28_noviembre_2025.pdf
2025-11-21,2025,nov,11,21,4.48,6.07,26_noviembre_2025.pdf
2025-11-21,2025,nov,11,21,4.48,6.07,24_noviembre_2025.pdf
2025-11-21,2025,nov,11,21,4.48,6.07,25_noviembre_2025.pdf
2025-11-21,2025,nov,11,21,4.48,6.07,27_noviembre_2025.pdf
2025-11-22,2025,nov,11,22,4.65,6.07,24_noviembre_2025.pdf
2025-11-22,2025,nov,11,22,4.65,6.07,25_noviembre_2025.pdf
2025-11-22,2025,nov,11,22,4.65,6.07,26_noviembre_2025.pdf
2025-11-22,2025,nov,11,22,4.65,6.07,28_noviembre_2025.pdf
2025-11-22,2025,nov,11,22,4.65,6.07,27_noviembre_2025.pdf
2025-11-23,2025,nov,11,23,4.65,6.07,27_noviembre_2025.pdf
2025-11-23,2025,nov,11,23,4.65,6.07,26_noviembre_2025.pdf
2025-11-23,2025,nov,11,23,4.65,6.07,28_noviembre_2025.pdf
2025-11-23,2025,nov,11,23,4.65,6.07,25_noviembre_2025.pdf
2025-11-23,2025,nov,11,23,4.65,6.07,24_noviembre_2025.pdf
2025-11-24,2025,nov,11,24,4.73,6.09,28_noviembre_2025.pdf
2025-11-24,2025,nov,11,24,4.73,6.09,25_noviembre_2025.pdf
2025-11-24,2025,nov,11,24,4.73,6.09,26_noviembre_2025.pdf
2025-11-24,2025,nov,11,24,4.73,6.09,27_noviembre_2025.pdf
2025-11-25,2025,nov,11,25,4.78,6.09,27_noviembre_2025.pdf
2025-11-25,2025,nov,11,25,4.78,6.09,26_noviembre_2025.pdf
2025-11-25,2025,nov,11,25,4.78,6.09,28_noviembre_2025.pdf
2025-11-26,2025,nov,11,26,4.83,6.04,28_noviembre_2025.pdf
2025-11-26,2025,nov,11,26,4.83,6.04,27_noviembre_2025.pdf
2025-11-27,2025,nov,11,27,5.03,6.04,28_noviembre_2025.pdf
2025-11-29,2025,nov,11,29,5.15,6.27,12_diciembre_2025.pdf
2025-11-30,2025,nov,11,30,5.15,6.27,12_diciembre_2025.pdf
2025-12-01,2025,dic,12,1,5.4,6.43,12_diciembre_2025.pdf
2025-12-02,2025,dic,12,2,5.65,6.43,15_diciembre_2025.pdf
2025-12-02,2025,dic,12,2,5.65,6.43,12_diciembre_2025.pdf
2025-12-03,2025,dic,12,3,5.73,6.54,15_diciembre_2025.pdf
2025-12-03,2025,dic,12,3,5.73,6.54,12_diciembre_2025.pdf
2025-12-03,2025,dic,12,3,5.73,6.54,16_diciembre_2025.pdf
2025-12-04,2025,dic,12,4,5.73,6.54,12_diciembre_2025.pdf
2025-12-04,2025,dic,12,4,5.73,6.54,16_diciembre_2025.pdf
2025-12-04,2025,dic,12,4,5.73,6.54,15_diciembre_2025.pdf
2025-12-04,2025,dic,12,4,5.73,6.54,17_diciembre_2025.pdf
2025-12-05,2025,dic,12,5,5.73,6.75,18_diciembre_2025.pdf
2025-12-05,2025,dic,12,5,5.73,6.75,12_diciembre_2025.pdf
2025-12-05,2025,dic,12,5,5.73,6.75,17_diciembre_2025.pdf
2025-12-05,2025,dic,12,5,5.73,6.75,16_diciembre_2025.pdf
2025-12-05,2025,dic,12,5,5.73,6.75,15_diciembre_2025.pdf
2025-12-06,2025,dic,12,6,5.73,6.75,15_diciembre_2025.pdf
2025-12-06,2025,dic,12,6,5.73,6.75,18_diciembre_2025.pdf
2025-12-06,2025,dic,12,6,5.73,6.75,19_diciembre_2025.pdf
2025-12-06,2025,dic,12,6,5.73,6.75,17_diciembre_2025.pdf
2025-12-06,2025,dic,12,6,5.73,6.75,16_diciembre_2025.pdf
2025-12-06,2025,dic,12,6,5.73,6.75,12_diciembre_2025.pdf
2025-12-07,2025,dic,12,7,5.73,6.75,12_diciembre_2025.pdf
2025-12-07,2025,dic,12,7,5.73,6.75,18_diciembre_2025.pdf
2025-12-07,2025,dic,12,7,5.73,6.75,16_diciembre_2025.pdf
2025-12-07,2025,dic,12,7,5.73,6.75,15_diciembre_2025.pdf
2025-12-07,2025,dic,12,7,5.73,6.75,17_diciembre_2025.pdf
2025-12-07,2025,dic,12,7,5.73,6.75,19_diciembre_2025.pdf
2025-12-08,2025,dic,12,8,5.73,6.79,17_diciembre_2025.pdf
2025-12-08,2025,dic,12,8,5.73,6.79,15_diciembre_2025.pdf
2025-12-08,2025,dic,12,8,5.73,6.79,12_diciembre_2025.pdf
2025-12-08,2025,dic,12,8,5.73,6.79,18_diciembre_2025.pdf
2025-12-08,2025,dic,12,8,5.73,6.79,19_diciembre_2025.pdf
2025-12-08,2025,dic,12,8,5.73,6.79,16_diciembre_2025.pdf
2025-12-09,2025,dic,12,9,5.73,6.79,15_diciembre_2025.pdf
2025-12-09,2025,dic,12,9,5.73,6.79,16_diciembre_2025.pdf
2025-12-09,2025,dic,12,9,5.73,6.79,19_diciembre_2025.pdf
2025-12-09,2025,dic,12,9,5.73,6.79,17_diciembre_2025.pdf
2025-12-09,2025,dic,12,9,5.73,6.79,12_diciembre_2025.pdf
2025-12-09,2025,dic,12,9,5.73,6.79,18_diciembre_2025.pdf
2025-12-09,2025,dic,12,9,5.73,6.79,22_diciembre_2025.pdf
2025-12-10,2025,dic,12,10,5.68,6.86,22_diciembre_2025.pdf
2025-12-10,2025,dic,12,10,5.68,6.86,16_diciembre_2025.pdf
2025-12-10,2025,dic,12,10,5.68,6.86,17_diciembre_2025.pdf
2025-12-10,2025,dic,12,10,5.68,6.86,15_diciembre_2025.pdf
2025-12-10,2025,dic,12,10,5.68,6.86,18_diciembre_2025.pdf
2025-12-10,2025,dic,12,10,5.68,6.86,12_diciembre_2025.pdf
2025-12-10,2025,dic,12,10,5.68,6.86,19_diciembre_2025.pdf
2025-12-11,2025,dic,12,11,5.58,6.86,22_diciembre_2025.pdf
2025-12-11,2025,dic,12,11,5.58,6.86,19_diciembre_2025.pdf
2025-12-11,2025,dic,12,11,5.58,6.86,12_diciembre_2025.pdf
2025-12-11,2025,dic,12,11,5.58,6.86,16_diciembre_2025.pdf
2025-12-11,2025,dic,12,11,5.58,6.86,15_diciembre_2025.pdf
2025-12-11,2025,dic,12,11,5.58,6.86,17_diciembre_2025.pdf
2025-12-11,2025,dic,12,11,5.58,6.86,18_diciembre_2025.pdf
2025-12-12,2025,dic,12,12,5.5,6.86,19_diciembre_2025.pdf
2025-12-12,2025,dic,12,12,5.5,6.86,17_diciembre_2025.pdf
2025-12-12,2025,dic,12,12,5.5,6.86,15_diciembre_2025.pdf
2025-12-12,2025,dic,12,12,5.5,6.86,22_diciembre_2025.pdf
2025-12-12,2025,dic,12,12,5.5,6.86,18_diciembre_2025.pdf
2025-12-12,2025,dic,12,12,5.5,6.86,16_diciembre_2025.pdf
2025-12-13,2025,dic,12,13,5.5,6.86,18_diciembre_2025.pdf
2025-12-13,2025,dic,12,13,5.5,6.86,19_diciembre_2025.pdf
2025-12-13,2025,dic,12,13,5.5,6.86,17_diciembre_2025.pdf
2025-12-13,2025,dic,12,13,5.5,6.86,22_diciembre_2025.pdf
2025-12-13,2025,dic,12,13,5.5,6.86,16_diciembre_2025.pdf
2025-12-13,2025,dic,12,13,5.5,6.86,15_diciembre_2025.pdf
2025-12-14,2025,dic,12,14,5.5,6.86,17_diciembre_2025.pdf
2025-12-14,2025,dic,12,14,5.5,6.86,15_diciembre_2025.pdf
2025-12-14,2025,dic,12,14,5.5,6.86,19_diciembre_2025.pdf
2025-12-14,2025,dic,12,14,5.5,6.86,22_diciembre_2025.pdf
2025-12-14,2025,dic,12,14,5.5,6.86,16_diciembre_2025.pdf
2025-12-14,2025,dic,12,14,5.5,6.86,18_diciembre_2025.pdf
2025-12-15,2025,dic,12,15,5.2,6.87,22_diciembre_2025.pdf
2025-12-15,2025,dic,12,15,5.2,6.86,17_diciembre_2025.pdf
2025-12-15,2025,dic,12,15,5.2,6.86,18_diciembre_2025.pdf
2025-12-15,2025,dic,12,15,5.2,6.86,19_diciembre_2025.pdf
2025-12-15,2025,dic,12,15,5.2,6.86,16_diciembre_2025.pdf
2025-12-16,2025,dic,12,16,5.2,6.87,22_diciembre_2025.pdf
2025-12-16,2025,dic,12,16,5.2,6.86,19_diciembre_2025.pdf
2025-12-16,2025,dic,12,16,5.2,6.86,17_diciembre_2025.pdf
2025-12-16,2025,dic,12,16,5.2,6.86,18_diciembre_2025.pdf
2025-12-16,2025,dic,12,16,5.2,6.87,29_diciembre_2025.pdf
2025-12-17,2025,dic,12,17,4.9,6.75,22_diciembre_2025.pdf
2025-12-17,2025,dic,12,17,4.9,6.75,29_diciembre_2025.pdf
2025-12-17,2025,dic,12,17,4.9,6.75,30_diciembre_2025.pdf
2025-12-17,2025,dic,12,17,4.9,6.79,18_diciembre_2025.pdf
2025-12-17,2025,dic,12,17,4.9,6.79,19_diciembre_2025.pdf
2025-12-18,2025,dic,12,18,4.7,6.75,22_diciembre_2025.pdf
2025-12-18,2025,dic,12,18,4.7,6.75,31_diciembre_2025.pdf
2025-12-18,2025,dic,12,18,4.7,6.75,29_diciembre_2025.pdf
2025-12-18,2025,dic,12,18,4.7,6.79,19_diciembre_2025.pdf
2025-12-18,2025,dic,12,18,4.7,6.75,25_diciembre_2025.pdf
2025-12-18,2025,dic,12,18,4.7,6.75,30_diciembre_2025.pdf
2025-12-19,2025,dic,12,19,4.53,6.56,31_diciembre_2025.pdf
2025-12-19,2025,dic,12,19,4.53,6.56,30_diciembre_2025.pdf
2025-12-19,2025,dic,12,19,4.53,6.56,22_diciembre_2025.pdf
2025-12-19,2025,dic,12,19,4.53,6.56,25_diciembre_2025.pdf
2025-12-19,2025,dic,12,19,4.53,6.56,29_diciembre_2025.pdf
2025-12-20,2025,dic,12,20,4.33,6.56,31_diciembre_2025.pdf
2025-12-20,2025,dic,12,20,4.33,6.56,29_diciembre_2025.pdf
2025-12-20,2025,dic,12,20,4.33,6.56,30_diciembre_2025.pdf
2025-12-20,2025,dic,12,20,4.33,6.56,25_diciembre_2025.pdf
2025-12-20,2025,dic,12,20,4.33,6.56,22_diciembre_2025.pdf
2025-12-21,2025,dic,12,21,4.33,6.56,30_diciembre_2025.pdf
2025-12-21,2025,dic,12,21,4.33,6.56,22_diciembre_2025.pdf
2025-12-21,2025,dic,12,21,4.33,6.56,31_diciembre_2025.pdf
2025-12-21,2025,dic,12,21,4.33,6.56,25_diciembre_2025.pdf
2025-12-21,2025,dic,12,21,4.33,6.56,29_diciembre_2025.pdf
2025-12-22,2025,dic,12,22,4.05,6.34,25_diciembre_2025.pdf
2025-12-22,2025,dic,12,22,4.05,6.34,29_diciembre_2025.pdf
2025-12-22,2025,dic,12,22,4.05,6.34,30_diciembre_2025.pdf
2025-12-22,2025,dic,12,22,4.05,6.34,31_diciembre_2025.pdf
2025-12-23,2025,dic,12,23,3.98,6.34,30_diciembre_2025.pdf
2025-12-23,2025,dic,12,23,3.98,6.34,25_diciembre_2025.pdf
2025-12-23,2025,dic,12,23,3.98,6.34,29_diciembre_2025.pdf
2025-12-23,2025,dic,12,23,3.98,6.34,31_diciembre_2025.pdf
2025-12-24,2025,dic,12,24,3.85,6.11,25_diciembre_2025.pdf
2025-12-24,2025,dic,12,24,3.85,6.11,29_diciembre_2025.pdf
2025-12-24,2025,dic,12,24,3.85,6.11,30_diciembre_2025.pdf
2025-12-24,2025,dic,12,24,3.85,6.11,31_diciembre_2025.pdf
2025-12-25,2025,dic,12,25,3.85,6.11,29_diciembre_2025.pdf
2025-12-26,2025,dic,12,26,3.85,6.03,31_diciembre_2025.pdf
2025-12-26,2025,dic,12,26,3.85,6.03,29_diciembre_2025.pdf
2025-12-26,2025,dic,12,26,3.85,6.03,30_diciembre_2025.pdf
2025-12-26,2025,dic,12,26,3.85,6.03,25_diciembre_2025.pdf
2025-12-27,2025,dic,12,27,4.08,6.03,25_diciembre_2025.pdf
2025-12-27,2025,dic,12,27,4.08,6.03,29_diciembre_2025.pdf
2025-12-27,2025,dic,12,27,4.08,6.03,30_diciembre_2025.pdf
2025-12-27,2025,dic,12,27,4.08,6.03,31_diciembre_2025.pdf
2025-12-28,2025,dic,12,28,4.08,6.03,29_diciembre_2025.pdf
2025-12-28,2025,dic,12,28,4.08,6.03,31_diciembre_2025.pdf
2025-12-28,2025,dic,12,28,4.08,6.03,30_diciembre_2025.pdf
2025-12-28,2025,dic,12,28,4.08,6.03,25_diciembre_2025.pdf
2025-12-29,2025,dic,12,29,4.13,5.86,30_diciembre_2025.pdf
2025-12-29,2025,dic,12,29,4.13,5.86,31_diciembre_2025.pdf
2025-12-29,2025,dic,12,29,4.13,5.86,25_diciembre_2025.pdf
2025-12-30,2025,dic,12,30,4.45,5.86,31_diciembre_2025.pdf
2025-12-30,2025,dic,12,30,4.45,5.86,25_diciembre_2025.pdf
2026-01-03,2026,ene,1,3,4.33,,16_enero_2026.pdf
2026-01-04,2026,ene,1,4,4.33,,16_enero_2026.pdf
2026-01-05,2026,ene,1,5,4.35,,16_enero_2026.pdf
2026-01-06,2026,ene,1,6,4.35,,16_enero_2026.pdf
2026-01-06,2026,ene,1,6,4.35,,19_enero_2026.pdf
2026-01-07,2026,ene,1,7,4.28,,16_enero_2026.pdf
2026-01-07,2026,ene,1,7,4.28,,19_enero_2026.pdf
2026-01-07,2026,ene,1,7,4.28,,20_enero_2026.pdf
2026-01-08,2026,ene,1,8,4.13,,21_enero_2026.pdf
2026-01-08,2026,ene,1,8,4.13,,19_enero_2026.pdf
2026-01-08,2026,ene,1,8,4.13,,16_enero_2026.pdf
2026-01-08,2026,ene,1,8,4.13,,20_enero_2026.pdf
2026-01-09,2026,ene,1,9,4.0,,16_enero_2026.pdf
2026-01-09,2026,ene,1,9,4.0,,21_enero_2026.pdf
2026-01-09,2026,ene,1,9,4.0,,20_enero_2026.pdf
2026-01-09,2026,ene,1,9,4.0,,19_enero_2026.pdf
2026-01-09,2026,ene,1,9,4.0,,22_enero_2026.pdf
2026-01-10,2026,ene,1,10,3.95,,22_enero_2026.pdf
2026-01-10,2026,ene,1,10,3.95,,20_enero_2026.pdf
2026-01-10,2026,ene,1,10,3.95,,21_enero_2026.pdf
2026-01-10,2026,ene,1,10,3.95,,23_enero_2026.pdf
2026-01-10,2026,ene,1,10,3.95,,19_enero_2026.pdf
2026-01-10,2026,ene,1,10,3.95,,16_enero_2026.pdf
2026-01-11,2026,ene,1,11,3.95,,21_enero_2026.pdf
2026-01-11,2026,ene,1,11,3.95,,20_enero_2026.pdf
2026-01-11,2026,ene,1,11,3.95,,22_enero_2026.pdf
2026-01-11,2026,ene,1,11,3.95,,19_enero_2026.pdf
2026-01-11,2026,ene,1,11,3.95,,16_enero_2026.pdf
2026-01-11,2026,ene,1,11,3.95,,23_enero_2026.pdf
2026-01-12,2026,ene,1,12,3.93,,22_enero_2026.pdf
2026-01-12,2026,ene,1,12,3.93,,23_enero_2026.pdf
2026-01-12,2026,ene,1,12,3.93,,16_enero_2026.pdf
2026-01-12,2026,ene,1,12,3.93,,19_enero_2026.pdf
2026-01-12,2026,ene,1,12,3.93,,21_enero_2026.pdf
2026-01-12,2026,ene,1,12,3.93,,20_enero_2026.pdf
2026-01-13,2026,ene,1,13,3.95,,20_enero_2026.pdf
2026-01-13,2026,ene,1,13,3.95,,16_enero_2026.pdf
2026-01-13,2026,ene,1,13,3.95,,19_enero_2026.pdf
2026-01-13,2026,ene,1,13,3.95,,23_enero_2026.pdf
2026-01-13,2026,ene,1,13,3.95,,26_enero_2026.pdf
2026-01-13,2026,ene,1,13,3.95,,21_enero_2026.pdf
2026-01-13,2026,ene,1,13,3.95,,22_enero_2026.pdf
2026-01-14,2026,ene,1,14,3.95,,26_enero_2026.pdf
2026-01-14,2026,ene,1,14,3.95,,19_enero_2026.pdf
2026-01-14,2026,ene,1,14,3.95,,20_enero_2026.pdf
2026-01-14,2026,ene,1,14,3.95,,23_enero_2026.pdf
2026-01-14,2026,ene,1,14,3.95,,21_enero_2026.pdf
2026-01-14,2026,ene,1,14,3.95,,16_enero_2026.pdf
2026-01-14,2026,ene,1,14,3.95,,22_enero_2026.pdf
2026-01-14,2026,ene,1,14,3.95,,27_enero_2026.pdf
2026-01-15,2026,ene,1,15,3.9,,26_enero_2026.pdf
2026-01-15,2026,ene,1,15,3.9,,16_enero_2026.pdf
2026-01-15,2026,ene,1,15,3.9,,21_enero_2026.pdf
2026-01-15,2026,ene,1,15,3.9,,27_enero_2026.pdf
2026-01-15,2026,ene,1,15,3.9,,20_enero_2026.pdf
2026-01-15,2026,ene,1,15,3.9,,22_enero_2026.pdf
2026-01-15,2026,ene,1,15,3.9,,19_enero_2026.pdf
2026-01-15,2026,ene,1,15,3.9,,28_enero_2026.pdf
2026-01-15,2026,ene,1,15,3.9,,23_enero_2026.pdf
2026-01-16,2026,ene,1,16,3.88,,28_enero_2026.pdf
2026-01-16,2026,ene,1,16,3.88,,20_enero_2026.pdf
2026-01-16,2026,ene,1,16,3.88,,22_enero_2026.pdf
2026-01-16,2026,ene,1,16,3.88,,26_enero_2026.pdf
2026-01-16,2026,ene,1,16,3.88,,19_enero_2026.pdf
2026-01-16,2026,ene,1,16,3.88,,23_enero_2026.pdf
2026-01-16,2026,ene,1,16,3.88,,21_enero_2026.pdf
2026-01-16,2026,ene,1,16,3.88,,27_enero_2026.pdf
2026-01-17,2026,ene,1,17,3.88,,22_enero_2026.pdf
2026-01-17,2026,ene,1,17,3.88,,19_enero_2026.pdf
2026-01-17,2026,ene,1,17,3.88,,27_enero_2026.pdf
2026-01-17,2026,ene,1,17,3.88,,28_enero_2026.pdf
2026-01-17,2026,ene,1,17,3.88,,26_enero_2026.pdf
2026-01-17,2026,ene,1,17,3.88,,21_enero_2026.pdf
2026-01-17,2026,ene,1,17,3.88,,23_enero_2026.pdf
2026-01-17,2026,ene,1,17,3.88,,30_enero_2026.pdf
2026-01-17,2026,ene,1,17,3.88,,20_enero_2026.pdf
2026-01-18,2026,ene,1,18,3.88,,26_enero_2026.pdf
2026-01-18,2026,ene,1,18,3.88,,20_enero_2026.pdf
2026-01-18,2026,ene,1,18,3.88,,28_enero_2026.pdf
2026-01-18,2026,ene,1,18,3.88,,23_enero_2026.pdf
2026-01-18,2026,ene,1,18,3.88,,27_enero_2026.pdf
2026-01-18,2026,ene,1,18,3.88,,19_enero_2026.pdf
2026-01-18,2026,ene,1,18,3.88,,30_enero_2026.pdf
2026-01-18,2026,ene,1,18,3.88,,22_enero_2026.pdf
2026-01-18,2026,ene,1,18,3.88,,21_enero_2026.pdf
2026-01-19,2026,ene,1,19,3.88,,23_enero_2026.pdf
2026-01-19,2026,ene,1,19,3.88,,20_enero_2026.pdf
2026-01-19,2026,ene,1,19,3.88,,28_enero_2026.pdf
2026-01-19,2026,ene,1,19,3.88,,22_enero_2026.pdf
2026-01-19,2026,ene,1,19,3.88,,27_enero_2026.pdf
2026-01-19,2026,ene,1,19,3.88,,21_enero_2026.pdf
2026-01-19,2026,ene,1,19,3.88,,30_enero_2026.pdf
2026-01-19,2026,ene,1,19,3.88,,26_enero_2026.pdf
2026-01-20,2026,ene,1,20,3.88,,23_enero_2026.pdf
2026-01-20,2026,ene,1,20,3.88,,30_enero_2026.pdf
2026-01-20,2026,ene,1,20,3.88,,27_enero_2026.pdf
2026-01-20,2026,ene,1,20,3.88,,21_enero_2026.pdf
2026-01-20,2026,ene,1,20,3.88,,22_enero_2026.pdf
2026-01-20,2026,ene,1,20,3.88,,28_enero_2026.pdf
2026-01-20,2026,ene,1,20,3.88,,26_enero_2026.pdf
2026-01-21,2026,ene,1,21,3.88,,22_enero_2026.pdf
2026-01-21,2026,ene,1,21,3.88,,26_enero_2026.pdf
2026-01-21,2026,ene,1,21,3.88,,30_enero_2026.pdf
2026-01-21,2026,ene,1,21,3.88,,28_enero_2026.pdf
2026-01-21,2026,ene,1,21,3.88,,23_enero_2026.pdf
2026-01-21,2026,ene,1,21,3.88,,27_enero_2026.pdf
2026-01-22,2026,ene,1,22,3.88,,23_enero_2026.pdf
2026-01-22,2026,ene,1,22,3.88,,27_enero_2026.pdf
2026-01-22,2026,ene,1,22,3.88,,30_enero_2026.pdf
2026-01-22,2026,ene,1,22,3.88,,26_enero_2026.pdf
2026-01-22,2026,ene,1,22,3.88,,28_enero_2026.pdf
2026-01-23,2026,ene,1,23,3.85,5.15,30_enero_2026.pdf
2026-01-23,2026,ene,1,23,3.85,5.15,26_enero_2026.pdf
2026-01-23,2026,ene,1,23,3.85,5.15,27_enero_2026.pdf
2026-01-23,2026,ene,1,23,3.85,5.15,28_enero_2026.pdf
2026-01-24,2026,ene,1,24,3.83,5.15,26_enero_2026.pdf
2026-01-24,2026,ene,1,24,3.83,5.15,27_enero_2026.pdf
2026-01-24,2026,ene,1,24,3.83,5.15,28_enero_2026.pdf
2026-01-24,2026,ene,1,24,3.83,5.15,30_enero_2026.pdf
2026-01-25,2026,ene,1,25,3.83,5.15,30_enero_2026.pdf
2026-01-25,2026,ene,1,25,3.83,5.15,27_enero_2026.pdf
2026-01-25,2026,ene,1,25,3.83,5.15,26_enero_2026.pdf
2026-01-25,2026,ene,1,25,3.83,5.15,28_enero_2026.pdf
2026-01-26,2026,ene,1,26,4.0,5.21,30_enero_2026.pdf
2026-01-26,2026,ene,1,26,4.0,5.21,27_enero_2026.pdf
2026-01-26,2026,ene,1,26,4.0,5.21,28_enero_2026.pdf
2026-01-27,2026,ene,1,27,4.25,5.21,30_enero_2026.pdf
2026-01-27,2026,ene,1,27,4.25,5.21,28_enero_2026.pdf
2026-01-28,2026,ene,1,28,4.35,5.47,30_enero_2026.pdf
2026-01-29,2026,ene,1,29,4.35,5.47,30_enero_2026.pdf
2026-01-31,2026,ene,1,31,4.45,5.77,13_febrero_2026.pdf
2026-02-01,2026,feb,2,1,4.45,5.77,13_febrero_2026.pdf
2026-02-02,2026,feb,2,2,4.68,5.77,13_febrero_2026.pdf
2026-02-03,2026,feb,2,3,5.0,5.88,13_febrero_2026.pdf
2026-02-04,2026,feb,2,4,5.25,6.15,17_febrero_2026.pdf
2026-02-04,2026,feb,2,4,5.25,6.15,13_febrero_2026.pdf
2026-02-05,2026,feb,2,5,5.55,6.15,17_febrero_2026.pdf
2026-02-05,2026,feb,2,5,5.55,6.15,18_febrero_2026.pdf
2026-02-05,2026,feb,2,5,5.55,6.15,13_febrero_2026.pdf
2026-02-06,2026,feb,2,6,5.95,6.72,19_febrero_2026.pdf
2026-02-06,2026,feb,2,6,5.95,6.72,17_febrero_2026.pdf
2026-02-06,2026,feb,2,6,5.95,6.72,13_febrero_2026.pdf
2026-02-06,2026,feb,2,6,5.95,6.72,18_febrero_2026.pdf
2026-02-07,2026,feb,2,7,6.08,6.72,13_febrero_2026.pdf
2026-02-07,2026,feb,2,7,6.08,6.72,19_febrero_2026.pdf
2026-02-07,2026,feb,2,7,6.08,6.72,17_febrero_2026.pdf
2026-02-07,2026,feb,2,7,6.08,6.72,20_febrero_2026.pdf
2026-02-07,2026,feb,2,7,6.08,6.72,18_febrero_2026.pdf
2026-02-08,2026,feb,2,8,6.08,6.72,18_febrero_2026.pdf
2026-02-08,2026,feb,2,8,6.08,6.72,13_febrero_2026.pdf
2026-02-08,2026,feb,2,8,6.08,6.72,17_febrero_2026.pdf
2026-02-08,2026,feb,2,8,6.08,6.72,20_febrero_2026.pdf
2026-02-08,2026,feb,2,8,6.08,6.72,19_febrero_2026.pdf
2026-02-09,2026,feb,2,9,6.1,7.03,18_febrero_2026.pdf
2026-02-09,2026,feb,2,9,6.1,7.03,17_febrero_2026.pdf
2026-02-09,2026,feb,2,9,6.1,7.03,20_febrero_2026.pdf
2026-02-09,2026,feb,2,9,6.1,7.03,13_febrero_2026.pdf
2026-02-09,2026,feb,2,9,6.1,7.03,19_febrero_2026.pdf
2026-02-10,2026,feb,2,10,6.28,7.03,23_febrero_2026.pdf
2026-02-10,2026,feb,2,10,6.28,7.03,17_febrero_2026.pdf
2026-02-10,2026,feb,2,10,6.28,7.03,13_febrero_2026.pdf
2026-02-10,2026,feb,2,10,6.28,7.03,18_febrero_2026.pdf
2026-02-10,2026,feb,2,10,6.28,7.03,20_febrero_2026.pdf
2026-02-10,2026,feb,2,10,6.28,7.03,19_febrero_2026.pdf
2026-02-11,2026,feb,2,11,6.35,7.16,23_febrero_2026.pdf
2026-02-11,2026,feb,2,11,6.35,7.21,13_febrero_2026.pdf
2026-02-11,2026,feb,2,11,6.35,7.16,19_febrero_2026.pdf
2026-02-11,2026,feb,2,11,6.35,7.16,17_febrero_2026.pdf
2026-02-11,2026,feb,2,11,6.35,7.16,18_febrero_2026.pdf
2026-02-11,2026,feb,2,11,6.35,7.16,24_febrero_2026.pdf
2026-02-11,2026,feb,2,11,6.35,7.16,20_febrero_2026.pdf
2026-02-12,2026,feb,2,12,6.25,7.16,23_febrero_2026.pdf
2026-02-12,2026,feb,2,12,6.25,7.16,25_febrero_2026.pdf
2026-02-12,2026,feb,2,12,6.25,7.16,17_febrero_2026.pdf
2026-02-12,2026,feb,2,12,6.25,7.16,20_febrero_2026.pdf
2026-02-12,2026,feb,2,12,6.25,7.16,19_febrero_2026.pdf
2026-02-12,2026,feb,2,12,6.25,7.21,13_febrero_2026.pdf
2026-02-12,2026,feb,2,12,6.25,7.16,24_febrero_2026.pdf
2026-02-12,2026,feb,2,12,6.25,7.16,18_febrero_2026.pdf
2026-02-13,2026,feb,2,13,6.15,7.23,19_febrero_2026.pdf
2026-02-13,2026,feb,2,13,6.15,7.23,20_febrero_2026.pdf
2026-02-13,2026,feb,2,13,6.15,7.23,25_febrero_2026.pdf
2026-02-13,2026,feb,2,13,6.15,7.23,17_febrero_2026.pdf
2026-02-13,2026,feb,2,13,6.15,7.23,24_febrero_2026.pdf
2026-02-13,2026,feb,2,13,6.15,7.23,23_febrero_2026.pdf
2026-02-13,2026,feb,2,13,6.15,7.23,26_febrero_2026.pdf
2026-02-13,2026,feb,2,13,6.15,7.23,18_febrero_2026.pdf
2026-02-14,2026,feb,2,14,6.15,7.23,24_febrero_2026.pdf
2026-02-14,2026,feb,2,14,6.15,7.23,25_febrero_2026.pdf
2026-02-14,2026,feb,2,14,6.15,7.23,23_febrero_2026.pdf
2026-02-14,2026,feb,2,14,6.15,7.23,27_febrero_2026.pdf
2026-02-14,2026,feb,2,14,6.15,7.23,17_febrero_2026.pdf
2026-02-14,2026,feb,2,14,6.15,7.23,18_febrero_2026.pdf
2026-02-14,2026,feb,2,14,6.15,7.23,20_febrero_2026.pdf
2026-02-14,2026,feb,2,14,6.15,7.23,19_febrero_2026.pdf
2026-02-14,2026,feb,2,14,6.15,7.23,26_febrero_2026.pdf
2026-02-15,2026,feb,2,15,6.15,7.23,25_febrero_2026.pdf
2026-02-15,2026,feb,2,15,6.15,7.23,24_febrero_2026.pdf
2026-02-15,2026,feb,2,15,6.15,7.23,18_febrero_2026.pdf
2026-02-15,2026,feb,2,15,6.15,7.23,17_febrero_2026.pdf
2026-02-15,2026,feb,2,15,6.15,7.23,26_febrero_2026.pdf
2026-02-15,2026,feb,2,15,6.15,7.23,27_febrero_2026.pdf
2026-02-15,2026,feb,2,15,6.15,7.23,23_febrero_2026.pdf
2026-02-15,2026,feb,2,15,6.15,7.23,19_febrero_2026.pdf
2026-02-15,2026,feb,2,15,6.15,7.23,20_febrero_2026.pdf
2026-02-16,2026,feb,2,16,6.1,7.32,24_febrero_2026.pdf
2026-02-16,2026,feb,2,16,6.1,7.32,18_febrero_2026.pdf
2026-02-16,2026,feb,2,16,6.1,7.32,23_febrero_2026.pdf
2026-02-16,2026,feb,2,16,6.1,7.32,19_febrero_2026.pdf
2026-02-16,2026,feb,2,16,6.1,7.32,27_febrero_2026.pdf
2026-02-16,2026,feb,2,16,6.1,7.32,25_febrero_2026.pdf
2026-02-16,2026,feb,2,16,6.1,7.32,17_febrero_2026.pdf
2026-02-16,2026,feb,2,16,6.1,7.32,26_febrero_2026.pdf
2026-02-16,2026,feb,2,16,6.1,7.32,20_febrero_2026.pdf
2026-02-17,2026,feb,2,17,6.08,7.32,19_febrero_2026.pdf
2026-02-17,2026,feb,2,17,6.08,7.32,26_febrero_2026.pdf
2026-02-17,2026,feb,2,17,6.08,7.32,18_febrero_2026.pdf
2026-02-17,2026,feb,2,17,6.08,7.32,25_febrero_2026.pdf
2026-02-17,2026,feb,2,17,6.08,7.32,27_febrero_2026.pdf
2026-02-17,2026,feb,2,17,6.08,7.32,20_febrero_2026.pdf
2026-02-17,2026,feb,2,17,6.08,7.32,24_febrero_2026.pdf
2026-02-17,2026,feb,2,17,6.08,7.32,23_febrero_2026.pdf
2026-02-18,2026,feb,2,18,5.95,7.39,24_febrero_2026.pdf
2026-02-18,2026,feb,2,18,5.95,7.39,23_febrero_2026.pdf
2026-02-18,2026,feb,2,18,5.95,7.39,26_febrero_2026.pdf
2026-02-18,2026,feb,2,18,5.95,7.39,20_febrero_2026.pdf
2026-02-18,2026,feb,2,18,5.95,7.39,25_febrero_2026.pdf
2026-02-18,2026,feb,2,18,5.95,7.39,27_febrero_2026.pdf
2026-02-18,2026,feb,2,18,5.95,7.39,19_febrero_2026.pdf
2026-02-19,2026,feb,2,19,5.85,7.39,26_febrero_2026.pdf
2026-02-19,2026,feb,2,19,5.85,7.39,20_febrero_2026.pdf
2026-02-19,2026,feb,2,19,5.85,7.39,27_febrero_2026.pdf
2026-02-19,2026,feb,2,19,5.85,7.39,23_febrero_2026.pdf
2026-02-19,2026,feb,2,19,5.85,7.39,24_febrero_2026.pdf
2026-02-19,2026,feb,2,19,5.85,7.39,25_febrero_2026.pdf
2026-02-20,2026,feb,2,20,5.78,7.42,25_febrero_2026.pdf
2026-02-20,2026,feb,2,20,5.78,7.42,24_febrero_2026.pdf
2026-02-20,2026,feb,2,20,5.78,7.42,23_febrero_2026.pdf
2026-02-20,2026,feb,2,20,5.78,7.42,27_febrero_2026.pdf
2026-02-20,2026,feb,2,20,5.78,7.42,26_febrero_2026.pdf
2026-02-21,2026,feb,2,21,5.78,,23_febrero_2026.pdf
2026-02-21,2026,feb,2,21,5.78,7.42,26_febrero_2026.pdf
2026-02-21,2026,feb,2,21,5.78,7.42,25_febrero_2026.pdf
2026-02-21,2026,feb,2,21,5.78,7.42,24_febrero_2026.pdf
2026-02-21,2026,feb,2,21,5.78,7.42,27_febrero_2026.pdf
2026-02-22,2026,feb,2,22,5.78,7.42,25_febrero_2026.pdf
2026-02-22,2026,feb,2,22,5.78,,23_febrero_2026.pdf
2026-02-22,2026,feb,2,22,5.78,7.42,27_febrero_2026.pdf
2026-02-22,2026,feb,2,22,5.78,7.42,24_febrero_2026.pdf
2026-02-22,2026,feb,2,22,5.78,7.42,26_febrero_2026.pdf
2026-02-23,2026,feb,2,23,5.78,6.99,25_febrero_2026.pdf
2026-02-23,2026,feb,2,23,5.78,6.99,27_febrero_2026.pdf
2026-02-23,2026,feb,2,23,5.78,6.99,24_febrero_2026.pdf
2026-02-23,2026,feb,2,23,5.78,6.99,26_febrero_2026.pdf
2026-02-24,2026,feb,2,24,5.78,6.99,25_febrero_2026.pdf
2026-02-24,2026,feb,2,24,5.78,6.99,27_febrero_2026.pdf
2026-02-24,2026,feb,2,24,5.78,6.99,26_febrero_2026.pdf
2026-02-25,2026,feb,2,25,5.75,7.0,27_febrero_2026.pdf
2026-02-25,2026,feb,2,25,5.75,7.0,26_febrero_2026.pdf
2026-02-26,2026,feb,2,26,5.93,7.0,27_febrero_2026.pdf
2026-03-05,2026,mar,3,5,5.93,6.89,18_marzo_2026.pdf
2026-03-06,2026,mar,3,6,5.85,6.98,18_marzo_2026.pdf
2026-03-06,2026,mar,3,6,5.85,6.98,19_marzo_2026.pdf
2026-03-07,2026,mar,3,7,5.85,6.98,18_marzo_2026.pdf
2026-03-07,2026,mar,3,7,5.85,6.98,20_marzo_2026.pdf
2026-03-07,2026,mar,3,7,5.85,6.98,19_marzo_2026.pdf
2026-03-08,2026,mar,3,8,5.85,6.98,18_marzo_2026.pdf
2026-03-08,2026,mar,3,8,5.85,6.98,19_marzo_2026.pdf
2026-03-08,2026,mar,3,8,5.85,6.98,20_marzo_2026.pdf
2026-03-09,2026,mar,3,9,6.15,7.16,20_marzo_2026.pdf
2026-03-09,2026,mar,3,9,6.15,7.16,19_marzo_2026.pdf
2026-03-09,2026,mar,3,9,6.15,7.16,18_marzo_2026.pdf
2026-03-10,2026,mar,3,10,6.33,7.16,19_marzo_2026.pdf
2026-03-10,2026,mar,3,10,6.33,7.16,23_marzo_2026.pdf
2026-03-10,2026,mar,3,10,6.33,7.16,20_marzo_2026.pdf
2026-03-10,2026,mar,3,10,6.33,7.16,18_marzo_2026.pdf
2026-03-11,2026,mar,3,11,6.4,7.28,18_marzo_2026.pdf
2026-03-11,2026,mar,3,11,6.4,7.28,20_marzo_2026.pdf
2026-03-11,2026,mar,3,11,6.4,7.28,23_marzo_2026.pdf
2026-03-11,2026,mar,3,11,6.4,7.28,24_marzo_2026.pdf
2026-03-11,2026,mar,3,11,6.4,7.28,19_marzo_2026.pdf
2026-03-12,2026,mar,3,12,6.4,7.28,25_marzo_2026.pdf
2026-03-12,2026,mar,3,12,6.4,7.28,19_marzo_2026.pdf
2026-03-12,2026,mar,3,12,6.4,7.28,23_marzo_2026.pdf
2026-03-12,2026,mar,3,12,6.4,7.28,20_marzo_2026.pdf
2026-03-12,2026,mar,3,12,6.4,7.28,18_marzo_2026.pdf
2026-03-12,2026,mar,3,12,6.4,7.28,24_marzo_2026.pdf
2026-03-13,2026,mar,3,13,6.4,7.46,26_marzo_2026.pdf
2026-03-13,2026,mar,3,13,6.4,7.46,25_marzo_2026.pdf
2026-03-13,2026,mar,3,13,6.4,7.46,20_marzo_2026.pdf
2026-03-13,2026,mar,3,13,6.4,7.46,23_marzo_2026.pdf
2026-03-13,2026,mar,3,13,6.4,7.46,24_marzo_2026.pdf
2026-03-13,2026,mar,3,13,6.4,7.46,19_marzo_2026.pdf
2026-03-13,2026,mar,3,13,6.4,7.46,18_marzo_2026.pdf
2026-03-14,2026,mar,3,14,6.4,7.46,20_marzo_2026.pdf
2026-03-14,2026,mar,3,14,6.4,7.46,25_marzo_2026.pdf
2026-03-14,2026,mar,3,14,6.4,7.46,24_marzo_2026.pdf
2026-03-14,2026,mar,3,14,6.4,7.46,27_marzo_2026.pdf
2026-03-14,2026,mar,3,14,6.4,7.46,19_marzo_2026.pdf
2026-03-14,2026,mar,3,14,6.4,7.46,23_marzo_2026.pdf
2026-03-14,2026,mar,3,14,6.4,7.46,26_marzo_2026.pdf
2026-03-14,2026,mar,3,14,6.4,7.46,18_marzo_2026.pdf
2026-03-15,2026,mar,3,15,6.4,7.46,26_marzo_2026.pdf
2026-03-15,2026,mar,3,15,6.4,7.46,18_marzo_2026.pdf
2026-03-15,2026,mar,3,15,6.4,7.46,24_marzo_2026.pdf
2026-03-15,2026,mar,3,15,6.4,7.46,23_marzo_2026.pdf
2026-03-15,2026,mar,3,15,6.4,7.46,25_marzo_2026.pdf
2026-03-15,2026,mar,3,15,6.4,7.46,19_marzo_2026.pdf
2026-03-15,2026,mar,3,15,6.4,7.46,27_marzo_2026.pdf
2026-03-15,2026,mar,3,15,6.4,7.46,20_marzo_2026.pdf
2026-03-16,2026,mar,3,16,6.4,7.56,24_marzo_2026.pdf
2026-03-16,2026,mar,3,16,6.4,7.56,25_marzo_2026.pdf
2026-03-16,2026,mar,3,16,6.4,7.56,26_marzo_2026.pdf
2026-03-16,2026,mar,3,16,6.4,7.56,23_marzo_2026.pdf
2026-03-16,2026,mar,3,16,6.4,7.56,27_marzo_2026.pdf
2026-03-16,2026,mar,3,16,6.4,7.75,20_marzo_2026.pdf
2026-03-16,2026,mar,3,16,6.4,7.75,18_marzo_2026.pdf
2026-03-16,2026,mar,3,16,6.4,7.75,19_marzo_2026.pdf
2026-03-17,2026,mar,3,17,6.4,7.75,18_marzo_2026.pdf
2026-03-17,2026,mar,3,17,6.4,7.56,26_marzo_2026.pdf
2026-03-17,2026,mar,3,17,6.4,7.56,23_marzo_2026.pdf
2026-03-17,2026,mar,3,17,6.4,7.56,27_marzo_2026.pdf
2026-03-17,2026,mar,3,17,6.4,7.56,24_marzo_2026.pdf
2026-03-17,2026,mar,3,17,6.4,7.75,19_marzo_2026.pdf
2026-03-17,2026,mar,3,17,6.4,7.56,25_marzo_2026.pdf
2026-03-17,2026,mar,3,17,6.4,7.75,20_marzo_2026.pdf
2026-03-17,2026,mar,3,17,6.4,7.56,30_marzo_2026.pdf
2026-03-18,2026,mar,3,18,6.4,7.59,27_marzo_2026.pdf
2026-03-18,2026,mar,3,18,6.4,7.59,30_marzo_2026.pdf
2026-03-18,2026,mar,3,18,6.4,7.75,19_marzo_2026.pdf
2026-03-18,2026,mar,3,18,6.4,7.59,23_marzo_2026.pdf
2026-03-18,2026,mar,3,18,6.4,7.59,25_marzo_2026.pdf
2026-03-18,2026,mar,3,18,6.4,7.59,26_marzo_2026.pdf
2026-03-18,2026,mar,3,18,6.4,7.59,24_marzo_2026.pdf
2026-03-18,2026,mar,3,18,6.4,7.59,31_marzo_2026.pdf
2026-03-18,2026,mar,3,18,6.4,7.75,20_marzo_2026.pdf
2026-03-19,2026,mar,3,19,6.45,7.59,26_marzo_2026.pdf
2026-03-19,2026,mar,3,19,6.45,7.59,25_marzo_2026.pdf
2026-03-19,2026,mar,3,19,6.45,7.59,27_marzo_2026.pdf
2026-03-19,2026,mar,3,19,6.45,7.59,23_marzo_2026.pdf
2026-03-19,2026,mar,3,19,6.45,7.75,20_marzo_2026.pdf
2026-03-19,2026,mar,3,19,6.45,7.59,31_marzo_2026.pdf
2026-03-19,2026,mar,3,19,6.45,7.59,24_marzo_2026.pdf
2026-03-19,2026,mar,3,19,6.45,7.59,30_marzo_2026.pdf
2026-03-20,2026,mar,3,20,6.4,7.69,27_marzo_2026.pdf
2026-03-20,2026,mar,3,20,6.4,7.69,24_marzo_2026.pdf
2026-03-20,2026,mar,3,20,6.4,7.69,31_marzo_2026.pdf
2026-03-20,2026,mar,3,20,6.4,7.69,25_marzo_2026.pdf
2026-03-20,2026,mar,3,20,6.4,7.69,26_marzo_2026.pdf
2026-03-20,2026,mar,3,20,6.4,7.69,23_marzo_2026.pdf
2026-03-20,2026,mar,3,20,6.4,7.69,30_marzo_2026.pdf
2026-03-21,2026,mar,3,21,6.4,7.69,23_marzo_2026.pdf
2026-03-21,2026,mar,3,21,6.4,7.69,27_marzo_2026.pdf
2026-03-21,2026,mar,3,21,6.4,7.69,30_marzo_2026.pdf
2026-03-21,2026,mar,3,21,6.4,7.69,24_marzo_2026.pdf
2026-03-21,2026,mar,3,21,6.4,7.69,31_marzo_2026.pdf
2026-03-21,2026,mar,3,21,6.4,7.69,25_marzo_2026.pdf
2026-03-21,2026,mar,3,21,6.4,7.69,26_marzo_2026.pdf
2026-03-22,2026,mar,3,22,6.4,7.69,24_marzo_2026.pdf
2026-03-22,2026,mar,3,22,6.4,7.69,27_marzo_2026.pdf
2026-03-22,2026,mar,3,22,6.4,7.69,30_marzo_2026.pdf
2026-03-22,2026,mar,3,22,6.4,7.69,26_marzo_2026.pdf
2026-03-22,2026,mar,3,22,6.4,7.69,25_marzo_2026.pdf
2026-03-22,2026,mar,3,22,6.4,7.69,31_marzo_2026.pdf
2026-03-22,2026,mar,3,22,6.4,7.69,23_marzo_2026.pdf
2026-03-23,2026,mar,3,23,6.4,7.64,30_marzo_2026.pdf
2026-03-23,2026,mar,3,23,6.4,7.6,27_marzo_2026.pdf
2026-03-23,2026,mar,3,23,6.4,7.64,31_marzo_2026.pdf
2026-03-23,2026,mar,3,23,6.4,7.6,25_marzo_2026.pdf
2026-03-23,2026,mar,3,23,6.4,7.6,24_marzo_2026.pdf
2026-03-23,2026,mar,3,23,6.4,7.6,26_marzo_2026.pdf
2026-03-24,2026,mar,3,24,6.4,7.6,26_marzo_2026.pdf
2026-03-24,2026,mar,3,24,6.4,7.6,25_marzo_2026.pdf
2026-03-24,2026,mar,3,24,6.4,7.64,30_marzo_2026.pdf
2026-03-24,2026,mar,3,24,6.4,7.64,31_marzo_2026.pdf
2026-03-24,2026,mar,3,24,6.4,7.6,27_marzo_2026.pdf
2026-03-25,2026,mar,3,25,6.35,7.54,26_marzo_2026.pdf
2026-03-25,2026,mar,3,25,6.35,7.54,27_marzo_2026.pdf
2026-03-25,2026,mar,3,25,6.35,7.59,30_marzo_2026.pdf
2026-03-25,2026,mar,3,25,6.35,7.59,31_marzo_2026.pdf
2026-03-26,2026,mar,3,26,6.28,7.54,27_marzo_2026.pdf
2026-03-26,2026,mar,3,26,6.28,7.59,30_marzo_2026.pdf
2026-03-26,2026,mar,3,26,6.28,7.59,31_marzo_2026.pdf
2026-03-27,2026,mar,3,27,6.25,7.53,30_marzo_2026.pdf
2026-03-27,2026,mar,3,27,6.25,7.53,31_marzo_2026.pdf
2026-03-27,2026,mar,3,27,6.25,7.53,09_abril_2026.pdf
2026-03-28,2026,mar,3,28,6.25,7.53,30_marzo_2026.pdf
2026-03-28,2026,mar,3,28,6.25,7.53,09_abril_2026.pdf
2026-03-28,2026,mar,3,28,6.25,7.53,10_abril_2026.pdf
2026-03-28,2026,mar,3,28,6.25,7.53,31_marzo_2026.pdf
2026-03-29,2026,mar,3,29,6.25,7.53,30_marzo_2026.pdf
2026-03-29,2026,mar,3,29,6.25,7.53,10_abril_2026.pdf
2026-03-29,2026,mar,3,29,6.25,7.53,09_abril_2026.pdf
2026-03-29,2026,mar,3,29,6.25,7.53,31_marzo_2026.pdf
2026-03-30,2026,mar,3,30,6.18,7.45,31_marzo_2026.pdf
2026-03-30,2026,mar,3,30,6.18,7.45,09_abril_2026.pdf
2026-03-30,2026,mar,3,30,6.18,7.45,10_abril_2026.pdf
2026-03-31,2026,mar,3,31,6.05,7.45,13_abril_2026.pdf
2026-03-31,2026,mar,3,31,6.05,7.45,09_abril_2026.pdf
2026-03-31,2026,mar,3,31,6.05,7.45,10_abril_2026.pdf
2026-04-01,2026,abr,4,1,5.95,7.31,09_abril_2026.pdf
2026-04-01,2026,abr,4,1,5.95,7.31,14_abril_2026.pdf
2026-04-01,2026,abr,4,1,5.95,7.31,13_abril_2026.pdf
2026-04-01,2026,abr,4,1,5.95,7.31,10_abril_2026.pdf
2026-04-02,2026,abr,4,2,5.95,7.31,15_abril_2026.pdf
2026-04-02,2026,abr,4,2,5.95,7.31,09_abril_2026.pdf
2026-04-02,2026,abr,4,2,5.95,7.31,13_abril_2026.pdf
2026-04-02,2026,abr,4,2,5.95,7.31,14_abril_2026.pdf
2026-04-02,2026,abr,4,2,5.95,7.31,10_abril_2026.pdf
2026-04-03,2026,abr,4,3,5.95,7.31,14_abril_2026.pdf
2026-04-03,2026,abr,4,3,5.95,7.31,09_abril_2026.pdf
2026-04-03,2026,abr,4,3,5.95,7.31,13_abril_2026.pdf
2026-04-03,2026,abr,4,3,5.95,7.31,10_abril_2026.pdf
2026-04-03,2026,abr,4,3,5.95,7.31,15_abril_2026.pdf
2026-04-03,2026,abr,4,3,5.95,7.31,16_abril_2026.pdf
2026-04-04,2026,abr,4,4,5.95,7.31,09_abril_2026.pdf
2026-04-04,2026,abr,4,4,5.95,7.31,10_abril_2026.pdf
2026-04-04,2026,abr,4,4,5.95,7.31,13_abril_2026.pdf
2026-04-04,2026,abr,4,4,5.95,7.31,16_abril_2026.pdf
2026-04-04,2026,abr,4,4,5.95,7.31,17_abril_2026.pdf
2026-04-04,2026,abr,4,4,5.95,7.31,15_abril_2026.pdf
2026-04-04,2026,abr,4,4,5.95,7.31,14_abril_2026.pdf
2026-04-05,2026,abr,4,5,5.95,7.31,09_abril_2026.pdf
2026-04-05,2026,abr,4,5,5.95,7.31,16_abril_2026.pdf
2026-04-05,2026,abr,4,5,5.95,7.31,15_abril_2026.pdf
2026-04-05,2026,abr,4,5,5.95,7.31,17_abril_2026.pdf
2026-04-05,2026,abr,4,5,5.95,7.31,10_abril_2026.pdf
2026-04-05,2026,abr,4,5,5.95,7.31,14_abril_2026.pdf
2026-04-05,2026,abr,4,5,5.95,7.31,13_abril_2026.pdf
2026-04-06,2026,abr,4,6,5.93,7.19,10_abril_2026.pdf
2026-04-06,2026,abr,4,6,5.93,7.16,14_abril_2026.pdf
2026-04-06,2026,abr,4,6,5.93,7.19,09_abril_2026.pdf
2026-04-06,2026,abr,4,6,5.93,7.16,13_abril_2026.pdf
2026-04-06,2026,abr,4,6,5.93,7.16,16_abril_2026.pdf
2026-04-06,2026,abr,4,6,5.93,7.16,17_abril_2026.pdf
2026-04-06,2026,abr,4,6,5.93,7.16,15_abril_2026.pdf
2026-04-07,2026,abr,4,7,5.98,7.16,14_abril_2026.pdf
2026-04-07,2026,abr,4,7,5.98,7.19,09_abril_2026.pdf
2026-04-07,2026,abr,4,7,5.98,7.16,17_abril_2026.pdf
2026-04-07,2026,abr,4,7,5.98,7.16,13_abril_2026.pdf
2026-04-07,2026,abr,4,7,5.98,7.19,10_abril_2026.pdf
2026-04-07,2026,abr,4,7,5.98,7.16,20_abril_2026.pdf
2026-04-07,2026,abr,4,7,5.98,7.16,15_abril_2026.pdf
2026-04-07,2026,abr,4,7,5.98,7.16,16_abril_2026.pdf
2026-04-08,2026,abr,4,8,6.08,7.15,20_abril_2026.pdf
2026-04-08,2026,abr,4,8,6.08,7.08,09_abril_2026.pdf
2026-04-08,2026,abr,4,8,6.08,7.15,16_abril_2026.pdf
2026-04-08,2026,abr,4,8,6.08,7.08,10_abril_2026.pdf
2026-04-08,2026,abr,4,8,6.08,7.15,21_abril_2026.pdf
2026-04-08,2026,abr,4,8,6.08,7.15,13_abril_2026.pdf
2026-04-08,2026,abr,4,8,6.08,7.15,14_abril_2026.pdf
2026-04-08,2026,abr,4,8,6.08,7.15,15_abril_2026.pdf
2026-04-08,2026,abr,4,8,6.08,7.15,17_abril_2026.pdf
2026-04-09,2026,abr,4,9,6.2,7.15,22_abril_2026.pdf
2026-04-09,2026,abr,4,9,6.2,7.15,13_abril_2026.pdf
2026-04-09,2026,abr,4,9,6.2,7.15,14_abril_2026.pdf
2026-04-09,2026,abr,4,9,6.2,7.15,26_abril_2026.pdf
2026-04-09,2026,abr,4,9,6.2,7.15,21_abril_2026.pdf
2026-04-09,2026,abr,4,9,6.2,7.08,10_abril_2026.pdf
2026-04-09,2026,abr,4,9,6.2,7.15,16_abril_2026.pdf
2026-04-09,2026,abr,4,9,6.2,7.15,15_abril_2026.pdf
2026-04-09,2026,abr,4,9,6.2,7.15,17_abril_2026.pdf
2026-04-09,2026,abr,4,9,6.2,7.15,20_abril_2026.pdf
2026-04-10,2026,abr,4,10,6.25,7.24,22_abril_2026.pdf
2026-04-10,2026,abr,4,10,6.25,7.24,23_abril_2026.pdf
2026-04-10,2026,abr,4,10,6.25,7.24,26_abril_2026.pdf
2026-04-10,2026,abr,4,10,6.25,7.24,16_abril_2026.pdf
2026-04-10,2026,abr,4,10,6.25,7.24,13_abril_2026.pdf
2026-04-10,2026,abr,4,10,6.25,7.24,17_abril_2026.pdf
2026-04-10,2026,abr,4,10,6.25,7.24,20_abril_2026.pdf
2026-04-10,2026,abr,4,10,6.25,7.24,15_abril_2026.pdf
2026-04-10,2026,abr,4,10,6.25,7.24,14_abril_2026.pdf
2026-04-10,2026,abr,4,10,6.25,7.24,21_abril_2026.pdf
2026-04-11,2026,abr,4,11,6.25,7.24,16_abril_2026.pdf
2026-04-11,2026,abr,4,11,6.25,7.24,13_abril_2026.pdf
2026-04-11,2026,abr,4,11,6.25,7.24,26_abril_2026.pdf
2026-04-11,2026,abr,4,11,6.25,7.24,22_abril_2026.pdf
2026-04-11,2026,abr,4,11,6.25,7.24,21_abril_2026.pdf
2026-04-11,2026,abr,4,11,6.25,7.24,15_abril_2026.pdf
2026-04-11,2026,abr,4,11,6.25,7.24,14_abril_2026.pdf
2026-04-11,2026,abr,4,11,6.25,7.24,23_abril_2026.pdf
2026-04-11,2026,abr,4,11,6.25,7.24,17_abril_2026.pdf
2026-04-11,2026,abr,4,11,6.25,7.24,20_abril_2026.pdf
2026-04-12,2026,abr,4,12,6.25,7.24,16_abril_2026.pdf
2026-04-12,2026,abr,4,12,6.25,7.24,20_abril_2026.pdf
2026-04-12,2026,abr,4,12,6.25,7.24,13_abril_2026.pdf
2026-04-12,2026,abr,4,12,6.25,7.24,26_abril_2026.pdf
2026-04-12,2026,abr,4,12,6.25,7.24,17_abril_2026.pdf
2026-04-12,2026,abr,4,12,6.25,7.24,14_abril_2026.pdf
2026-04-12,2026,abr,4,12,6.25,7.24,23_abril_2026.pdf
2026-04-12,2026,abr,4,12,6.25,7.24,22_abril_2026.pdf
2026-04-12,2026,abr,4,12,6.25,7.24,15_abril_2026.pdf
2026-04-12,2026,abr,4,12,6.25,7.24,21_abril_2026.pdf
2026-04-13,2026,abr,4,13,6.25,7.38,26_abril_2026.pdf
2026-04-13,2026,abr,4,13,6.25,7.38,20_abril_2026.pdf
2026-04-13,2026,abr,4,13,6.25,7.38,17_abril_2026.pdf
2026-04-13,2026,abr,4,13,6.25,7.38,23_abril_2026.pdf
2026-04-13,2026,abr,4,13,6.25,7.37,15_abril_2026.pdf
2026-04-13,2026,abr,4,13,6.25,7.38,16_abril_2026.pdf
2026-04-13,2026,abr,4,13,6.25,7.38,21_abril_2026.pdf
2026-04-13,2026,abr,4,13,6.25,7.38,22_abril_2026.pdf
2026-04-13,2026,abr,4,13,6.25,7.37,14_abril_2026.pdf
2026-04-14,2026,abr,4,14,6.25,7.38,22_abril_2026.pdf
2026-04-14,2026,abr,4,14,6.25,7.38,26_abril_2026.pdf
2026-04-14,2026,abr,4,14,6.25,7.38,17_abril_2026.pdf
2026-04-14,2026,abr,4,14,6.25,7.37,15_abril_2026.pdf
2026-04-14,2026,abr,4,14,6.25,7.38,20_abril_2026.pdf
2026-04-14,2026,abr,4,14,6.25,7.38,23_abril_2026.pdf
2026-04-14,2026,abr,4,14,6.25,7.38,21_abril_2026.pdf
2026-04-14,2026,abr,4,14,6.25,7.38,16_abril_2026.pdf
2026-04-15,2026,abr,4,15,6.25,7.49,16_abril_2026.pdf
2026-04-15,2026,abr,4,15,6.25,7.49,21_abril_2026.pdf
2026-04-15,2026,abr,4,15,6.25,7.49,22_abril_2026.pdf
2026-04-15,2026,abr,4,15,6.25,7.49,20_abril_2026.pdf
2026-04-15,2026,abr,4,15,6.25,7.49,26_abril_2026.pdf
2026-04-15,2026,abr,4,15,6.25,7.49,23_abril_2026.pdf
2026-04-15,2026,abr,4,15,6.25,7.49,17_abril_2026.pdf
2026-04-16,2026,abr,4,16,6.23,7.49,23_abril_2026.pdf
2026-04-16,2026,abr,4,16,6.23,7.49,22_abril_2026.pdf
2026-04-16,2026,abr,4,16,6.23,7.49,17_abril_2026.pdf
2026-04-16,2026,abr,4,16,6.23,7.49,21_abril_2026.pdf
2026-04-16,2026,abr,4,16,6.23,7.49,26_abril_2026.pdf
2026-04-16,2026,abr,4,16,6.23,7.49,20_abril_2026.pdf
2026-04-17,2026,abr,4,17,6.23,7.43,23_abril_2026.pdf
2026-04-17,2026,abr,4,17,6.23,7.43,22_abril_2026.pdf
2026-04-17,2026,abr,4,17,6.23,7.43,21_abril_2026.pdf
2026-04-17,2026,abr,4,17,6.23,7.43,26_abril_2026.pdf
2026-04-17,2026,abr,4,17,6.23,7.43,20_abril_2026.pdf
2026-04-18,2026,abr,4,18,6.23,7.43,22_abril_2026.pdf
2026-04-18,2026,abr,4,18,6.23,7.43,26_abril_2026.pdf
2026-04-18,2026,abr,4,18,6.23,7.43,23_abril_2026.pdf
2026-04-18,2026,abr,4,18,6.23,7.43,20_abril_2026.pdf
2026-04-18,2026,abr,4,18,6.23,7.43,21_abril_2026.pdf
2026-04-19,2026,abr,4,19,6.23,7.43,20_abril_2026.pdf
2026-04-19,2026,abr,4,19,6.23,7.43,26_abril_2026.pdf
2026-04-19,2026,abr,4,19,6.23,7.43,21_abril_2026.pdf
2026-04-19,2026,abr,4,19,6.23,7.43,22_abril_2026.pdf
2026-04-19,2026,abr,4,19,6.23,7.43,23_abril_2026.pdf
2026-04-20,2026,abr,4,20,6.15,7.44,22_abril_2026.pdf
2026-04-20,2026,abr,4,20,6.15,7.44,26_abril_2026.pdf
2026-04-20,2026,abr,4,20,6.15,7.44,21_abril_2026.pdf
2026-04-20,2026,abr,4,20,6.15,7.44,23_abril_2026.pdf
2026-04-21,2026,abr,4,21,6.15,7.44,22_abril_2026.pdf
2026-04-21,2026,abr,4,21,6.15,7.44,26_abril_2026.pdf
2026-04-21,2026,abr,4,21,6.15,7.44,23_abril_2026.pdf
2026-04-22,2026,abr,4,22,6.15,7.42,23_abril_2026.pdf
